{"fillp": {"1": {"1": {"delay": 765.929, "loss": 0.030350291815430475, "tput": 2.942845086747051}, "all": {"delay": 765.929, "loss": 0.030350291815430475, "tput": 2.942845086747051}}}}